{"cameraMode":{"drawMode":0,"name":"Shaded","section":"Shading Mode"},"sceneLighting":false,"audioPlay":false,"sceneViewState":{"showFog":true,"showMaterialUpdate":false,"showSkybox":false,"showFlares":true,"showImageEffects":true,"showParticleSystems":true},"in2DMode":false,"pivot":{"x":-2.186163902282715,"y":0.18096879124641419,"z":-1.9334570169448853},"rotation":{"x":-0.0033008672762662174,"y":0.8276957273483276,"z":-0.005386050324887037,"w":-0.5614503026008606},"size":1.7347562313079835,"orthographic":false}