{"cameraMode":{"drawMode":0,"name":"Shaded","section":"Shading Mode"},"sceneLighting":false,"audioPlay":false,"sceneViewState":{"showFog":true,"showMaterialUpdate":false,"showSkybox":false,"showFlares":true,"showImageEffects":true,"showParticleSystems":true},"in2DMode":false,"pivot":{"x":-0.07189995050430298,"y":-0.1862255334854126,"z":0.6939638257026672},"rotation":{"x":0.07965142279863358,"y":-0.04550642520189285,"z":0.003715324914082885,"w":0.9959561228752136},"size":0.7522950172424316,"orthographic":false}